cluster	ref_mean_cnv	aml_mean_cnv	cd16_mean_cnv	call
CD16+ Mono / macrophage	0.000971846875525392	0.00185211982886925	0.00110751864229325	Normal-like
